<?xml version="1.0" encoding="ISO-8859-1"?>
<STRANGEBREWRECIPE version = "2.1.0">
<!-- This is a SBJava export.  StrangeBrew 1.8 will not import it. -->
  <DETAILS>
  <NAME>Blackfly-P-A 2012</NAME>
  <BREWER>Barry Beadman</BREWER>
  <NOTES></NOTES>
  <EFFICIENCY>85.0</EFFICIENCY>
  <OG>1.071</OG>
  <FG>1.018</FG>
  <STYLE>India Pale Ale</STYLE>
  <MASH>true</MASH>
  <LOV>37.4</LOV>
  <IBU>62.6</IBU>
  <ALC>7.0</ALC>
  <!-- SBJ1.0 Extensions: -->
  <EVAP>20.0</EVAP>
  <EVAP_METHOD>Constant</EVAP_METHOD>
  <!-- END SBJ1.0 Extensions -->
  <BOIL_TIME>60</BOIL_TIME>
  <PRESIZE>35.45</PRESIZE>
  <SIZE>15.0</SIZE>
  <SIZE_UNITS>gallons US</SIZE_UNITS>
  <MALT_UNITS>lb</MALT_UNITS>
  <HOPS_UNITS>g</HOPS_UNITS>
  <YEAST>Safale US-05</YEAST>
  <RECIPE_DATE>10/07/2012</RECIPE_DATE>
  <ATTENUATION>75.0</ATTENUATION>
  <!-- SBJ1.0 Extensions: -->
  <ALC_METHOD>Volume</ALC_METHOD>
  <IBU_METHOD>Tinseth</IBU_METHOD>
  <COLOUR_METHOD>SRM</COLOUR_METHOD>
  <KETTLE_LOSS>0.0</KETTLE_LOSS>
  <TRUB_LOSS>0.0</TRUB_LOSS>
  <MISC_LOSS>0.0</MISC_LOSS>
  <PELLET_HOP_PCT>6.0</PELLET_HOP_PCT>
  <YEAST_COST>0.75</YEAST_COST>
  <OTHER_COST>5.0</OTHER_COST>
  <!-- END SBJ1.0 Extensions -->
  </DETAILS>
  <FERMENTABLES>
    <TOTAL>35.4723779855468</TOTAL>
    <ITEM>
      <MALT>Marris Otter</MALT>
      <AMOUNT>13.61</AMOUNT>
      <PERCENT>84.6</PERCENT>
      <UNITS>kg</UNITS>
      <POINTS>1.036</POINTS>
      <LOV>3.0</LOV>
      <MASHED>true</MASHED>
      <STEEPED>false</STEEPED>
      <COSTLB>1.98</COSTLB>
      <DESCRIPTION>The classic British ale malt, prized by the finest brewers in Britain. Made from fully modified two-row winter Maris Otter. This malt has a wide optimum temperature and pH range, making it very forgiving in the brewery and popular with small-scale brewers. Very low protein (9.5%), high flavour malt, perfect for lower gravity Bitters</DESCRIPTION>
    </ITEM>
    <ITEM>
      <MALT>Crystal 40</MALT>
      <AMOUNT>0.75</AMOUNT>
      <PERCENT>4.7</PERCENT>
      <UNITS>kg</UNITS>
      <POINTS>1.03</POINTS>
      <LOV>40.0</LOV>
      <MASHED>true</MASHED>
      <STEEPED>false</STEEPED>
      <COSTLB>3.48</COSTLB>
      <DESCRIPTION>Crystal 40: As with all Crystal malts, the character of this malt is contributed by unfermentable crystallized sugars produced by a special process Called &quot;stewing&quot;.  5 to 20% Pale Crystal will lend a balance of light caramel color, flavor, and body to Ales and Lagers</DESCRIPTION>
    </ITEM>
    <ITEM>
      <MALT>German Carafa Spezial3</MALT>
      <AMOUNT>0.6</AMOUNT>
      <PERCENT>3.7</PERCENT>
      <UNITS>kg</UNITS>
      <POINTS>1.03</POINTS>
      <LOV>550.0</LOV>
      <MASHED>true</MASHED>
      <STEEPED>false</STEEPED>
      <COSTLB>1.98</COSTLB>
      <DESCRIPTION>German Carafa Special - the darkest of the carafa dark malts, adds a roasty flavour and intense colour to beer.</DESCRIPTION>
    </ITEM>
    <ITEM>
      <MALT>German Carafa Spezial2</MALT>
      <AMOUNT>0.38</AMOUNT>
      <PERCENT>2.4</PERCENT>
      <UNITS>kg</UNITS>
      <POINTS>1.03</POINTS>
      <LOV>520.0</LOV>
      <MASHED>true</MASHED>
      <STEEPED>false</STEEPED>
      <COSTLB>1.98</COSTLB>
      <DESCRIPTION>German Carafa Special - the darkest of the carafa dark malts, adds a roasty flavour and intense colour to beer.</DESCRIPTION>
    </ITEM>
    <ITEM>
      <MALT>German Carafa Spezial1</MALT>
      <AMOUNT>0.38</AMOUNT>
      <PERCENT>2.4</PERCENT>
      <UNITS>kg</UNITS>
      <POINTS>1.03</POINTS>
      <LOV>335.0</LOV>
      <MASHED>true</MASHED>
      <STEEPED>false</STEEPED>
      <COSTLB>1.98</COSTLB>
      <DESCRIPTION>German Carafa Special - the darkest of the carafa dark malts, adds a roasty flavour and intense colour to beer.</DESCRIPTION>
    </ITEM>
    <ITEM>
      <MALT>CaraFoam</MALT>
      <AMOUNT>0.22</AMOUNT>
      <PERCENT>1.4</PERCENT>
      <UNITS>kg</UNITS>
      <POINTS>1.033</POINTS>
      <LOV>3.0</LOV>
      <MASHED>true</MASHED>
      <STEEPED>false</STEEPED>
      <COSTLB>1.98</COSTLB>
      <DESCRIPTION>Best used to create Pilseners, lagers, and low- or nonalcoholic beers. Increases smoothness and mouth fullness, without adding flavours. Try Carafoam instead of Carapils.</DESCRIPTION>
    </ITEM>
    <ITEM>
      <MALT>German Cara-Aroma</MALT>
      <AMOUNT>0.15</AMOUNT>
      <PERCENT>0.9</PERCENT>
      <UNITS>kg</UNITS>
      <POINTS>1.035</POINTS>
      <LOV>130.0</LOV>
      <MASHED>true</MASHED>
      <STEEPED>false</STEEPED>
      <COSTLB>0.0</COSTLB>
      <DESCRIPTION></DESCRIPTION>
    </ITEM>
  </FERMENTABLES>
  <HOPS>
    <TOTAL>362.87389600000006</TOTAL>
    <ITEM>
      <HOP>Amarillo</HOP>
      <AMOUNT>1.5</AMOUNT>
      <TIME>60</TIME>
      <UNITS>oz</UNITS>
      <FORM>Pellet</FORM>
      <ALPHA>7.0</ALPHA>
      <COSTOZ>1.25</COSTOZ>
      <ADD>Boil</ADD>
      <DESCRIPTION>Floral, citrusy, similar to Cascade, but with a slightly higher alpha acid content.</DESCRIPTION>
      <DATE>Sun Oct 07 21:32:48 EDT 2012</DATE>
    </ITEM>
    <ITEM>
      <HOP>Magnum</HOP>
      <AMOUNT>1.8</AMOUNT>
      <TIME>60</TIME>
      <UNITS>oz</UNITS>
      <FORM>Pellet</FORM>
      <ALPHA>14.4</ALPHA>
      <COSTOZ>1.25</COSTOZ>
      <ADD>Boil</ADD>
      <DESCRIPTION>Magnum hop variety was bred at the Hop Research Center at Huell in Germany.
nobel aroma.  Pleasant, not pungentgreat bittering hop.</DESCRIPTION>
      <DATE>Sun Oct 07 21:32:48 EDT 2012</DATE>
    </ITEM>
    <ITEM>
      <HOP>Centennial</HOP>
      <AMOUNT>1.0</AMOUNT>
      <TIME>15</TIME>
      <UNITS>oz</UNITS>
      <FORM>Pellet</FORM>
      <ALPHA>10.5</ALPHA>
      <COSTOZ>1.25</COSTOZ>
      <ADD>Boil</ADD>
      <DESCRIPTION>Centennial: Centennial is a new, stronger and very aromatic Cascade variety.  Reserve Centennial  for bittering or use sparingly for aroma and flavor.</DESCRIPTION>
      <DATE>Sun Oct 07 21:32:48 EDT 2012</DATE>
    </ITEM>
    <ITEM>
      <HOP>Columbus</HOP>
      <AMOUNT>1.0</AMOUNT>
      <TIME>15</TIME>
      <UNITS>oz</UNITS>
      <FORM>Pellet</FORM>
      <ALPHA>11.0</ALPHA>
      <COSTOZ>1.25</COSTOZ>
      <ADD>Boil</ADD>
      <DESCRIPTION>Columbus: Very pungent aroma, clean bittering properties.</DESCRIPTION>
      <DATE>Sun Oct 07 21:32:48 EDT 2012</DATE>
    </ITEM>
    <ITEM>
      <HOP>Cascade</HOP>
      <AMOUNT>3.0</AMOUNT>
      <TIME>15</TIME>
      <UNITS>oz</UNITS>
      <FORM>Pellet</FORM>
      <ALPHA>4.0</ALPHA>
      <COSTOZ>1.6</COSTOZ>
      <ADD>Boil</ADD>
      <DESCRIPTION>Cascade: Cascade, while a good bittering hop, is best known for its pronounced, very  distinctive &quot;perfumey&quot; aroma and flavor.  Used by many micro breweries.</DESCRIPTION>
      <DATE>Sun Oct 07 21:32:48 EDT 2012</DATE>
    </ITEM>
    <ITEM>
      <HOP>Cascade</HOP>
      <AMOUNT>4.5</AMOUNT>
      <TIME>0</TIME>
      <UNITS>oz</UNITS>
      <FORM>Pellet</FORM>
      <ALPHA>4.0</ALPHA>
      <COSTOZ>1.6</COSTOZ>
      <ADD>Boil</ADD>
      <DESCRIPTION>Cascade: Cascade, while a good bittering hop, is best known for its pronounced, very  distinctive &quot;perfumey&quot; aroma and flavor.  Used by many micro breweries.</DESCRIPTION>
      <DATE>Sun Oct 07 21:32:48 EDT 2012</DATE>
    </ITEM>
  </HOPS>
  <MISC>
  </MISC>
  <MASH>
    <NAME>Mash</NAME>
    <MASH_VOLUME>0.00</MASH_VOLUME>
    <MASH_VOL_U>litres</MASH_VOL_U>
    <MASH_RATIO>1.25</MASH_RATIO>
    <MASH_RATIO_U>qt/lb</MASH_RATIO_U>
    <MASH_TIME>0</MASH_TIME>
    <MASH_TMP_U>F</MASH_TMP_U>
    <THICK_DECOCT_RATIO>0.6</THICK_DECOCT_RATIO>
    <THIN_DECOCT_RATIO>0.9</THIN_DECOCT_RATIO>
    <MASH_TUNLOSS_TEMP>0.0</MASH_TUNLOSS_TEMP>
    <GRAIN_TEMP>68.0</GRAIN_TEMP>
    <BOIL_TEMP>212.0</BOIL_TEMP>
  </MASH>
   <FERMENTATION_SCHEDULE>
   </FERMENTATION_SCHEDULE>
   <CARB>
      <BOTTLETEMP>68.0</BOTTLETEMP>
      <SERVTEMP>45.0</SERVTEMP>
      <VOL>2.4</VOL>
      <SUGAR>Corn Sugar</SUGAR>
      <AMOUNT>616.1</AMOUNT>
      <SUGARU>g</SUGARU>
      <TEMPU>F</TEMPU>
      <KEG>true</KEG>
      <PSI>13.72</PSI>
   </CARB>
   <WATER_PROFILE>
      <SOURCE_WATER>
         <NAME>Distilled/RO</NAME>
         <CA>0.0</CA>
         <MG>0.0</MG>
         <NA>0.0</NA>
         <SO4>0.0</SO4>
         <HCO3>0.0</HCO3>
         <CL>0.0</CL>
         <HARDNESS>0.0</HARDNESS>
         <TDS>0.0</TDS>
         <PH>5.80000019073486</PH>
         <ALKALINITY>0.0</ALKALINITY>
      </SOURCE_WATER>
      <TARGET_WATER>
         <NAME>Distilled/RO</NAME>
         <CA>0.0</CA>
         <MG>0.0</MG>
         <NA>0.0</NA>
         <SO4>0.0</SO4>
         <HCO3>0.0</HCO3>
         <CL>0.0</CL>
         <HARDNESS>0.0</HARDNESS>
         <TDS>0.0</TDS>
         <PH>5.80000019073486</PH>
         <ALKALINITY>0.0</ALKALINITY>
      </TARGET_WATER>
      <ACID>
         <NAME>Citric</NAME>
         <AMT>0.00</AMT>
         <ACIDU>mg</ACIDU>
      </ACID>
   </WATER_PROFILE>
  <NOTES>
  </NOTES>
 <style>
  <subcategory id="null">    <name>India Pale Ale</name>
    <aroma>null</aroma>
    <appearance>null</appearance>
    <flavor>null</flavor>
    <mouthfeel>null</mouthfeel>
    <impression>null</impression>
    <comments>null</comments>
    <ingredients>null</ingredients>
 <stats>
  <og flexible="false">
      <low>0.0</low>
      <high>0.0</high>
  </og>
  <fg flexible="false">
      <low>0.0</low>
      <high>0.0</high>
  </fg>
  <ibu flexible="false">
      <low>0.0</low>
      <high>0.0</high>
  </ibu>
  <srm flexible="false">
      <low>0.0</low>
      <high>0.0</high>
  </srm>
  <abv flexible="false">
      <low>0.0</low>
      <high>0.0</high>
  </abv>
</stats>
    <examples>null</examples>
  </subcategory>
 </style>
</STRANGEBREWRECIPE>