<?xml version="1.0" encoding="ISO-8859-1"?>
<STRANGEBREWRECIPE version = "2.0.3">
<!-- This is a SBJava export.  StrangeBrew 1.8 will not import it. -->
  <DETAILS>
  <NAME>30A Rye PA</NAME>
  <BREWER>BUd mcbudster</BREWER>
  <NOTES></NOTES>
  <EFFICIENCY>75.0</EFFICIENCY>
  <OG>1.024</OG>
  <FG>1.006</FG>
  <STYLE>American Pale Ale</STYLE>
  <MASH>true</MASH>
  <LOV>5.2</LOV>
  <IBU>36.3</IBU>
  <ALC>2.3</ALC>
  <!-- SBJ1.0 Extensions: -->
  <EVAP>1.5</EVAP>
  <EVAP_METHOD>Constant</EVAP_METHOD>
  <!-- END SBJ1.0 Extensions -->
  <BOIL_TIME>60</BOIL_TIME>
  <PRESIZE>176.95329</PRESIZE>
  <SIZE>170.34300000000002</SIZE>
  <SIZE_UNITS>litres</SIZE_UNITS>
  <MALT_UNITS>lb</MALT_UNITS>
  <HOPS_UNITS>oz</HOPS_UNITS>
  <YEAST>Safale S-04</YEAST>
  <RECIPE_DATE>04/29/2004</RECIPE_DATE>
  <ATTENUATION>75.0</ATTENUATION>
  <!-- SBJ1.0 Extensions: -->
  <ALC_METHOD>Volume</ALC_METHOD>
  <IBU_METHOD>Tinseth</IBU_METHOD>
  <COLOUR_METHOD>SRM</COLOUR_METHOD>
  <KETTLE_LOSS>0.0</KETTLE_LOSS>
  <TRUB_LOSS>0.0</TRUB_LOSS>
  <MISC_LOSS>0.0</MISC_LOSS>
  <PELLET_HOP_PCT>6.0</PELLET_HOP_PCT>
  <YEAST_COST>0.0</YEAST_COST>
  <OTHER_COST>5.0</OTHER_COST>
  <!-- END SBJ1.0 Extensions -->
  </DETAILS>
  <FERMENTABLES>
    <TOTAL>39.984160359663896</TOTAL>
    <ITEM>
      <MALT>British Two-Row</MALT>
      <AMOUNT>24.0</AMOUNT>
      <PERCENT>60.0</PERCENT>
      <UNITS>lb</UNITS>
      <POINTS>1.038</POINTS>
      <LOV>2.5</LOV>
      <MASHED>true</MASHED>
      <STEEPED>false</STEEPED>
      <COSTLB>0.0</COSTLB>
      <DESCRIPTION>British Two-Row: Fully modified British malt, easily converted by a single temperature mash.  Preferred by many brewers for full flavored ales.  Pale Ale malt has undergone higher kilning than Klages and is lower in diastatic power so keep adjuncts to 15% or less.</DESCRIPTION>
    </ITEM>
    <ITEM>
      <MALT>Rye Malt</MALT>
      <AMOUNT>7.0</AMOUNT>
      <PERCENT>17.5</PERCENT>
      <UNITS>lb</UNITS>
      <POINTS>1.03</POINTS>
      <LOV>4.0</LOV>
      <MASHED>true</MASHED>
      <STEEPED>false</STEEPED>
      <COSTLB>0.0</COSTLB>
      <DESCRIPTION>Malted Rye</DESCRIPTION>
    </ITEM>
    <ITEM>
      <MALT>British Carastan</MALT>
      <AMOUNT>4.0</AMOUNT>
      <PERCENT>10.0</PERCENT>
      <UNITS>lb</UNITS>
      <POINTS>1.035</POINTS>
      <LOV>34.0</LOV>
      <MASHED>true</MASHED>
      <STEEPED>false</STEEPED>
      <COSTLB>0.0</COSTLB>
      <DESCRIPTION>British Carastan: Also known as CaraStan, use 5 to 20% of English Crystal to add color and a full, toffee/sweet flavor to Bitters, Pale Ales and Porters.</DESCRIPTION>
    </ITEM>
    <ITEM>
      <MALT>Belgian Aromatic</MALT>
      <AMOUNT>2.0</AMOUNT>
      <PERCENT>5.0</PERCENT>
      <UNITS>lb</UNITS>
      <POINTS>1.03</POINTS>
      <LOV>25.0</LOV>
      <MASHED>true</MASHED>
      <STEEPED>false</STEEPED>
      <COSTLB>0.0</COSTLB>
      <DESCRIPTION>rch conversion.</DESCRIPTION>
    </ITEM>
    <ITEM>
      <MALT>White Cane Sugar (Gran)</MALT>
      <AMOUNT>0.9</AMOUNT>
      <PERCENT>5.0</PERCENT>
      <UNITS>kg</UNITS>
      <POINTS>1.042</POINTS>
      <LOV>0.0</LOV>
      <MASHED>true</MASHED>
      <STEEPED>false</STEEPED>
      <COSTLB>0.0</COSTLB>
      <DESCRIPTION>null</DESCRIPTION>
    </ITEM>
    <ITEM>
      <MALT>CaraFoam</MALT>
      <AMOUNT>1.0</AMOUNT>
      <PERCENT>2.5</PERCENT>
      <UNITS>lb</UNITS>
      <POINTS>1.033</POINTS>
      <LOV>3.0</LOV>
      <MASHED>true</MASHED>
      <STEEPED>false</STEEPED>
      <COSTLB>0.0</COSTLB>
      <DESCRIPTION>Best used to create Pilseners, lagers, and low- or nonalcoholic beers. Increases smoothness and mouth fullness, without adding flavours. Try Carafoam instead of Carapils.</DESCRIPTION>
    </ITEM>
  </FERMENTABLES>
  <HOPS>
    <TOTAL>18.0</TOTAL>
    <ITEM>
      <HOP>Cascade</HOP>
      <AMOUNT>6.0</AMOUNT>
      <TIME>60</TIME>
      <UNITS>oz</UNITS>
      <FORM>Leaf</FORM>
      <ALPHA>6.9</ALPHA>
      <COSTOZ>1.0</COSTOZ>
      <ADD>Boil</ADD>
      <DESCRIPTION>Cascade: Cascade, while a good bittering hop, is best known for its pronounced, very  distinctive &quot;perfumey&quot; aroma and flavor.  Used by many micro breweries.</DESCRIPTION>
      <DATE>Sun Sep 16 17:14:53 EDT 2012</DATE>
    </ITEM>
    <ITEM>
      <HOP>E. Kent Goldngs</HOP>
      <AMOUNT>4.0</AMOUNT>
      <TIME>30</TIME>
      <UNITS>oz</UNITS>
      <FORM>Leaf</FORM>
      <ALPHA>5.9</ALPHA>
      <COSTOZ>1.0</COSTOZ>
      <ADD>Boil</ADD>
      <DESCRIPTION>E. Kent Goldngs: A British grown version of the classic ale finishing hop.  Slightly smoother and more refined than the herbal, Canadian grown version.</DESCRIPTION>
      <DATE>Sun Sep 16 17:14:53 EDT 2012</DATE>
    </ITEM>
    <ITEM>
      <HOP>Cascade</HOP>
      <AMOUNT>4.0</AMOUNT>
      <TIME>15</TIME>
      <UNITS>oz</UNITS>
      <FORM>Leaf</FORM>
      <ALPHA>6.9</ALPHA>
      <COSTOZ>1.0</COSTOZ>
      <ADD>Boil</ADD>
      <DESCRIPTION>Cascade: Cascade, while a good bittering hop, is best known for its pronounced, very  distinctive &quot;perfumey&quot; aroma and flavor.  Used by many micro breweries.</DESCRIPTION>
      <DATE>Sun Sep 16 17:14:53 EDT 2012</DATE>
    </ITEM>
    <ITEM>
      <HOP>Cascade</HOP>
      <AMOUNT>4.0</AMOUNT>
      <TIME>1</TIME>
      <UNITS>oz</UNITS>
      <FORM>Leaf</FORM>
      <ALPHA>6.9</ALPHA>
      <COSTOZ>1.0</COSTOZ>
      <ADD>Boil</ADD>
      <DESCRIPTION>Cascade: Cascade, while a good bittering hop, is best known for its pronounced, very  distinctive &quot;perfumey&quot; aroma and flavor.  Used by many micro breweries.</DESCRIPTION>
      <DATE>Sun Sep 16 17:14:53 EDT 2012</DATE>
    </ITEM>
  </HOPS>
  <MISC>
    <ITEM>
      <NAME>Irish Moss</NAME>
      <AMOUNT>1.0</AMOUNT>
      <UNITS>tsp</UNITS>
      <STAGE>Boil</STAGE>
      <TIME>20</TIME>
      <COMMENTS>null</COMMENTS>
    </ITEM>
  </MISC>
  <MASH>
    <NAME>Mash</NAME>
    <MASH_VOLUME>16.69</MASH_VOLUME>
    <MASH_VOL_U>gallons US</MASH_VOL_U>
    <MASH_RATIO>1.25</MASH_RATIO>
    <MASH_RATIO_U>qt/l</MASH_RATIO_U>
    <MASH_TIME>0</MASH_TIME>
    <MASH_TMP_U>F</MASH_TMP_U>
    <THICK_DECOCT_RATIO>0.6</THICK_DECOCT_RATIO>
    <THIN_DECOCT_RATIO>0.9</THIN_DECOCT_RATIO>
    <MASH_TUNLOSS_TEMP>0.0</MASH_TUNLOSS_TEMP>
    <GRAIN_TEMP>68.0</GRAIN_TEMP>
    <BOIL_TEMP>212.0</BOIL_TEMP>
    <ITEM>
      <TYPE>alpha</TYPE>
      <TEMP>155.0</TEMP>
      <DISPL_TEMP>155.0</DISPL_TEMP>
      <END_TEMP>153.0</END_TEMP>
      <DISPL_END_TEMP>153.0</DISPL_END_TEMP>
      <MIN>0</MIN>
      <RAMP_MIN>0</RAMP_MIN>
      <METHOD>infusion</METHOD>
      <WEIGHT_LBS>39.984160359663896</WEIGHT_LBS>
      <DIRECTIONS>Mash in with 12.5 gallons US of water at 168.4 F</DIRECTIONS>
    </ITEM>
    <ITEM>
      <TYPE>mashout</TYPE>
      <TEMP>168.0</TEMP>
      <DISPL_TEMP>168.0</DISPL_TEMP>
      <END_TEMP>168.0</END_TEMP>
      <DISPL_END_TEMP>168.0</DISPL_END_TEMP>
      <MIN>0</MIN>
      <RAMP_MIN>0</RAMP_MIN>
      <METHOD>decoction</METHOD>
      <WEIGHT_LBS>39.984160359663896</WEIGHT_LBS>
      <DIRECTIONS>Remove 4.2 gallons US of mash, boil, and return to mash.</DIRECTIONS>
    </ITEM>
  </MASH>
   <FERMENTATION_SCHEDULE>
   </FERMENTATION_SCHEDULE>
   <CARB>
      <BOTTLETEMP>68.0</BOTTLETEMP>
      <SERVTEMP>45.0</SERVTEMP>
      <VOL>2.4</VOL>
      <SUGAR>Corn Sugar</SUGAR>
      <AMOUNT>488.3</AMOUNT>
      <SUGARU>g</SUGARU>
      <TEMPU>F</TEMPU>
      <KEG>true</KEG>
      <PSI>13.72</PSI>
   </CARB>
   <WATER_PROFILE>
      <SOURCE_WATER>
         <NAME>Distilled/RO</NAME>
         <CA>0.0</CA>
         <MG>0.0</MG>
         <NA>0.0</NA>
         <SO4>0.0</SO4>
         <HCO3>0.0</HCO3>
         <CL>0.0</CL>
         <HARDNESS>0.0</HARDNESS>
         <TDS>0.0</TDS>
         <PH>5.80000019073486</PH>
         <ALKALINITY>0.0</ALKALINITY>
      </SOURCE_WATER>
      <TARGET_WATER>
         <NAME>Distilled/RO</NAME>
         <CA>0.0</CA>
         <MG>0.0</MG>
         <NA>0.0</NA>
         <SO4>0.0</SO4>
         <HCO3>0.0</HCO3>
         <CL>0.0</CL>
         <HARDNESS>0.0</HARDNESS>
         <TDS>0.0</TDS>
         <PH>5.80000019073486</PH>
         <ALKALINITY>0.0</ALKALINITY>
      </TARGET_WATER>
      <ACID>
         <NAME>Citric</NAME>
         <AMT>0.00</AMT>
         <ACIDU>mg</ACIDU>
      </ACID>
   </WATER_PROFILE>
  <NOTES>
    <ITEM>
      <DATE>04/29/2004</DATE>
      <TYPE>Planning</TYPE>
      <NOTE>Figuring out the right numbers for a nice big IPA with rye character.</NOTE>
    </ITEM>
  </NOTES>
 <style>
  <subcategory id="null">    <name>American Pale Ale</name>
    <aroma>
Usually moderate to strong hop aroma from dry hopping or late kettle additions of American hop varieties. A citrusy hop character is very common, but not required. Low to moderate maltiness supports the hop presentation, and may optionally show small amounts of specialty malt character (bready, toasty, biscuity). Fruity esters vary from moderate to none. No diacetyl. Dry hopping (if used) may add grassy notes, although this character should not be excessive.</aroma>
    <appearance>
Pale golden to deep amber. Moderately large white to off-white head with good retention. Generally quite clear, although dry-hopped versions may be slightly hazy.</appearance>
    <flavor>
Usually a moderate to high hop flavor, often showing a citrusy American hop character (although other hop varieties may be used). Low to moderately high clean malt character supports the hop presentation, and may optionally show small amounts of specialty malt character (bready, toasty, biscuity). The balance is typically towards the late hops and bitterness, but the malt presence can be substantial. Caramel flavors are usually restrained or absent. Fruity esters can be moderate to none. Moderate to high hop bitterness with a medium to dry finish. Hop flavor and bitterness often lingers into the finish. No diacetyl. Dry hopping (if used) may add grassy notes, although this character should not be excessive.</flavor>
    <mouthfeel>
Medium-light to medium body. Carbonation moderate to high. Overall smooth finish without astringency often associated with high hopping rates.</mouthfeel>
    <impression>
Refreshing and hoppy, yet with sufficient supporting malt.</impression>
    <comments>
There is some overlap in color between American pale ale and American amber ale. The American pale ale will generally be cleaner, have a less caramelly malt profile, less body, and often more finishing hops.</comments>
    <ingredients>
Pale ale malt, typically American two-row. American hops, often but not always ones with a citrusy character. American ale yeast. Water can vary in sulfate content, but carbonate content should be relatively low. Specialty grains may add character and complexity, but generally make up a relatively small portion of the grist. Grains that add malt flavor and richness, light sweetness, and toasty or bready notes are often used (along with late hops) to differentiate brands.</ingredients>
 <stats>
  <og flexible="false">
      <low>1.045</low>
      <high>1.06</high>
  </og>
  <fg flexible="false">
      <low>0.0</low>
      <high>0.0</high>
  </fg>
  <ibu flexible="false">
      <low>30.0</low>
      <high>45.0</high>
  </ibu>
  <srm flexible="false">
      <low>5.0</low>
      <high>14.0</high>
  </srm>
  <abv flexible="false">
      <low>6.0</low>
      <high>4.5</high>
  </abv>
</stats>
    <examples>
Sierra Nevada Pale Ale, Stone Pale Ale, Great Lakes Burning River Pale Ale, Full Sail Pale Ale, Three Floyds X-Tra Pale Ale, Anderson Valley Poleeko Gold Pale Ale, Left Hand Brewing Jackman's Pale Ale, Pyramid Pale Ale, Deschutes Mirror Pond</examples>
  </subcategory>
 </style>
</STRANGEBREWRECIPE>